{
    "name": "srt",
    "buildsystem": "cmake-ninja",
    "config-opts": [
        "-DCMAKE_BUILD_TYPE=Release",
        "-DENABLE_STATIC=OFF",
        "-DENABLE_APPS=OFF",
        "-DENABLE_LOGGING=OFF"
    ],
    "cleanup": [
        "/include",
        "/lib/pkgconfig",
        "/bin"
    ],
    "sources": [
        {
            "type": "git",
            "url": "https://github.com/Haivision/srt.git",
            "tag": "v1.5.3",
            "commit": "09f35c0f1743e23f514cb41444504a7faeacf89e"
        }
    ]
}
