{
    "name": "onevpl-intel-gpu",
    "buildsystem": "cmake-ninja",
    "builddir": true,
    "config-opts": [
        "-DCMAKE_BUILD_TYPE=Release",
        "-DBUILD_RUNTIME=ON",
        "-DBUILD_TESTS=OFF",
        "-DBUILD_TOOLS=OFF"
    ],
    "cleanup": [
        "/lib/pkgconfig"
    ],
    "sources": [
        {
            "type": "git",
            "url": "https://github.com/oneapi-src/oneVPL-intel-gpu.git",
            "commit": "852fa9f705ef44c004d014548601f3804a6de705",
            "tag": "intel-onevpl-23.4.3"
        },
        {
            "type": "shell",
            "commands": [
                "sed -i 's/CMAKE_VERBOSE_MAKEFILE ON/CMAKE_VERBOSE_MAKEFILE OFF/g' builder/profiles/onevpl.cmake"
            ]
        }
    ]
}
