{
    "name": "v4l-utils",
    "config-opts": [
        "--disable-static",
        "--disable-doxygen-doc",
        "--disable-libdvbv5",
        "--disable-v4l-utils",
        "--disable-qv4l2",
        "--with-udevdir=/app/lib/udev/"
    ],
    "cleanup": [
        "/include",
        "/lib/pkgconfig"
    ],
    "sources": [
        {
            "type": "archive",
            "url": "https://linuxtv.org/downloads/v4l-utils/v4l-utils-1.22.0.tar.bz2",
            "sha256": "1069e5d7909bcc563baeaadc3a5c496f0e658524c413cf7818816e37bfcea344"
        }
    ]
}
