{
    "name": "aom",
    "buildsystem": "cmake-ninja",
    "builddir": true,
    "config-opts": [
        "-DCMAKE_BUILD_TYPE=Release",
        "-DBUILD_SHARED_LIBS=ON",
        "-DENABLE_DOCS=OFF",
        "-DENABLE_EXAMPLES=OFF",
        "-DENABLE_TESTDATA=OFF",
        "-DENABLE_TESTS=OFF",
        "-DENABLE_TOOLS=OFF "
    ],
    "cleanup": [
        "/include",
        "/lib/pkgconfig"
    ],
    "sources": [
        {
            "type": "git",
            "url": "https://aomedia.googlesource.com/aom.git",
            "tag": "v3.8.0",
            "commit": "b681eac83963950afc7be55df56c22fa5210aaa2"
        }
    ]
}
