{
    "name": "librist",
    "buildsystem": "meson",
    "builddir": true,
    "config-opts": [
        "-Duse_mbedtls=true",
        "-Dtest=false",
        "-Dbuilt_tools=false",
        "-Dbuiltin_cjson=true"
    ],
    "cleanup": [
        "/include",
        "/lib/pkgconfig"
    ],
    "sources": [
        {
            "type": "git",
            "url": "https://code.videolan.org/rist/librist.git",
            "commit": "809390b3b75a259a704079d0fb4d8f1b5f7fa956"
        }
    ]
}
