{
    "name": "intel-media-sdk",
    "buildsystem": "cmake-ninja",
    "builddir": true,
    "config-opts": [
        "-DCMAKE_BUILD_TYPE=Release",
        "-DBUILD_SAMPLES=OFF",
        "-DBUILD_TUTORIALS=OFF",
        "-DENABLE_OPENCL=OFF",
        "-DENABLE_WAYLAND=OFF",
        "-DENABLE_X11=OFF",
        "-DENABLE_X11_DRI3=OFF"
    ],
    "cleanup": [
        "/include",
        "/lib/pkgconfig"
    ],
    "sources": [
        {
            "type": "git",
            "url": "https://github.com/Intel-Media-SDK/MediaSDK.git",
            "commit": "869b60a6c3d7b5e9f7c3b3b914986322dca4bbae",
            "tag": "intel-mediasdk-23.2.2"
        },
        {
            "type": "patch",
            "path": "patches/intel-media-sdk/010-intel-media-sdk-fix-reproducible-build.patch"
        },
        {
            "type": "patch",
            "path": "patches/intel-media-sdk/020-intel-media-sdk-gcc13-fix.patch"
        }
    ]
}
