{
    "name": "cef",
    "buildsystem": "cmake-ninja",
    "config-opts": [
        "-DCMAKE_BUILD_TYPE=Release"
    ],
    "no-make-install": true,
    "make-args": [
        "libcef_dll_wrapper"
    ],
    "build-commands": [
        "mkdir -p /app/cef/libcef_dll_wrapper",
        "cp -R ./include /app/cef",
        "cp -R ./Release /app/cef",
        "cp -R ./Resources /app/cef",
        "cp -R ./libcef_dll_wrapper/libcef_dll_wrapper.a /app/cef/libcef_dll_wrapper"
    ],
    "cleanup": [
        "*"
    ],
    "sources": [
        {
            "type": "archive",
            "url": "https://cdn-fastly.obsproject.com/downloads/cef_binary_5060_linux_x86_64_v3.tar.xz",
            "sha256": "1253a6a36c3b8ac5b5ece9bfdb6eae6ab75e49516375fc475e2e871795ad9bea"
        }
    ]
}
